{"ROC_AUC": 0.3033041255932822, "PRECISION": 0.19496166484118296, "PRECISION_RECALL_MIN_DEN": 0.19926980649872217, "RECALL": 0.05305395369103486, "MAP": 0.1455017037848362, "MRR": 0.35365096750638886, "NDCG": 0.0843591780665964, "F1": 0.08340996586606127, "HIT_RATE": 0.9748083242059146, "ARHR": 0.5016246805403429, "NOVELTY": 0.020311713742307873, "AVERAGE_POPULARITY": 0.6549242588997277, "DIVERSITY_MEAN_INTER_LIST": 0.4882539728291155, "DIVERSITY_HERFINDAHL": 0.8975438386024432, "COVERAGE_ITEM": 0.050535077288941736, "COVERAGE_USER": 0.968186638388123, "DIVERSITY_GINI": 0.007056454630708867, "SHANNON_ENTROPY": 3.804239010788333}