{"5": {"ROC_AUC": 0.14233817701453103, "PRECISION": 0.04966974900924696, "PRECISION_RECALL_MIN_DEN": 0.09753412593571117, "RECALL": 0.09634469816107863, "MAP": 0.055928372229561145, "MRR": 0.13172611184500216, "NDCG": 0.08355926212459763, "F1": 0.06554717110218898, "HIT_RATE": 0.24834874504623514, "ARHR": 0.13885953324526637, "NOVELTY": 0.02018276530693994, "AVERAGE_POPULARITY": 0.664648121742198, "DIVERSITY_MEAN_INTER_LIST": 0.469970574461988, "DIVERSITY_HERFINDAHL": 0.8938699482941249, "COVERAGE_ITEM": 0.045778834720570746, "COVERAGE_USER": 0.8027571580063627, "DIVERSITY_GINI": 0.006723855228012505, "SHANNON_ENTROPY": 3.725516071903919}, "10": {"ROC_AUC": 0.20252379903965112, "PRECISION": 0.03751651254953773, "PRECISION_RECALL_MIN_DEN": 0.141323310477868, "RECALL": 0.141323310477868, "MAP": 0.06240082610176026, "MRR": 0.14412467761212805, "NDCG": 0.10287061692898308, "F1": 0.05929280918906602, "HIT_RATE": 0.3751651254953765, "ARHR": 0.15552882095154222, "NOVELTY": 0.041357685769776144, "AVERAGE_POPULARITY": 0.6045243193491299, "DIVERSITY_MEAN_INTER_LIST": 0.3061786640386376, "DIVERSITY_HERFINDAHL": 0.9305774200810053, "COVERAGE_ITEM": 0.08085612366230678, "COVERAGE_USER": 0.8027571580063627, "DIVERSITY_GINI": 0.010207600913949504, "SHANNON_ENTROPY": 4.274321417630519}, "20": {"ROC_AUC": 0.2753836001016086, "PRECISION": 0.02879788639365932, "PRECISION_RECALL_MIN_DEN": 0.21787444171856324, "RECALL": 0.21787444171856324, "MAP": 0.06905489144929576, "MRR": 0.15234128749834588, "NDCG": 0.12765666320329455, "F1": 0.050871725002235794, "HIT_RATE": 0.5759577278731837, "ARHR": 0.16880037738966383, "NOVELTY": 0.08576397000657814, "AVERAGE_POPULARITY": 0.5058705988392332, "DIVERSITY_MEAN_INTER_LIST": 0.31233373872079284, "DIVERSITY_HERFINDAHL": 0.9655960572307081, "COVERAGE_ITEM": 0.12841854934601665, "COVERAGE_USER": 0.8027571580063627, "DIVERSITY_GINI": 0.019390579978038214, "SHANNON_ENTROPY": 5.340266850018651}}